<?xml version="1.0" encoding="UTF-8" standalone="yes"?>
<addon id="repository.xmbc" name="BladeFromOz Repository" version="1.0" provider-name="bladefromoz">
    <extension point="xbmc.addon.repository" name="BladeFromOz Repository">
        <dir>
            <info compressed="false">https://raw.githubusercontent.com/bladefromoz/repository.xmbc/master/zips/addons.xml</info>
            <checksum>https://raw.githubusercontent.com/bladefromoz/repository.xmbc/master/zips/addons.xml.md5</checksum>
            <datadir zip="true">https://raw.githubusercontent.com/bladefromoz/repository.xmbc/master/zips/</datadir>
        </dir>
    </extension>
    <extension point="xbmc.addon.metadata">
        <summary>BladeFromOz Repository</summary>
        <description>Content created by bladefromoz</description>
        <disclaimer></disclaimer>
        <platform>all</platform>
        <assets>
            <icon>icon.png</icon>
            <fanart>fanart.jpg</fanart>
        </assets>
    </extension>
</addon>